"DESCRIPTION","DURATION IN MS","NAME","PARENT SUITE","START TIME","STATUS","STOP TIME","SUB SUITE","SUITE","TEST CLASS","TEST METHOD"
"","4696","Data-Driven: Книга + Наушники + Клавиатура","firefox","2026-04-13","passed","2026-04-13","Корзина интернет-магазина","main-flow.spec.js","",""
"","2168","Негативный: оформление без ввода ID – ошибка","firefox","2026-04-13","passed","2026-04-13","Корзина интернет-магазина","main-flow.spec.js","",""
"","3375","Позитивный: подсказка про купон появляется когда сумма > 10000","firefox","2026-04-13","passed","2026-04-13","Корзина интернет-магазина","main-flow.spec.js","",""
"","900","Позитивный: скидка пользователя отображается после ввода ID","chromium","2026-04-13","passed","2026-04-13","Корзина интернет-магазина","main-flow.spec.js","",""
"","2510","Data-Driven: две Клавиатуры (12000 ₽)","webkit","2026-04-13","passed","2026-04-13","Корзина интернет-магазина","main-flow.spec.js","",""
"","3959","Data-Driven: два Наушника (6000 ₽)","firefox","2026-04-13","passed","2026-04-13","Корзина интернет-магазина","main-flow.spec.js","",""
"","3901","Data-Driven: две Клавиатуры (12000 ₽)","firefox","2026-04-13","passed","2026-04-13","Корзина интернет-магазина","main-flow.spec.js","",""
"","2666","Последовательный: полный путь пользователя с купоном","webkit","2026-04-13","passed","2026-04-13","Корзина интернет-магазина","main-flow.spec.js","",""
"","1481","Негативный: нечисловой ID – ошибка","webkit","2026-04-13","passed","2026-04-13","Корзина интернет-магазина","main-flow.spec.js","",""
"","2","Применяются обе скидки без отправки купона","Функция calculateCartTotal","2026-04-13","passed","2026-04-13","","Позитивные сценарии","",""
"","3389","Data-Driven: Блокнот (150 ₽)","firefox","2026-04-13","passed","2026-04-13","Корзина интернет-магазина","main-flow.spec.js","",""
"","2755","Data-Driven: два Наушника (6000 ₽)","webkit","2026-04-13","passed","2026-04-13","Корзина интернет-магазина","main-flow.spec.js","",""
"","2","Чуть меньше 10000 — купон НЕ отправляется","Функция calculateCartTotal","2026-04-13","passed","2026-04-13","","Граничные значения","",""
"","2","Ровно 5000 — без автоскидки","Функция calculateCartTotal","2026-04-13","passed","2026-04-13","","Граничные значения","",""
"","4849","Позитивный: сумма > 10000 – купон выдается (coupon_sent = true)","firefox","2026-04-13","passed","2026-04-13","Корзина интернет-магазина","main-flow.spec.js","",""
"","2247","Негативный: пустая корзина – кнопка заблокирована","firefox","2026-04-13","passed","2026-04-13","Корзина интернет-магазина","main-flow.spec.js","",""
"","1618","Негативный: отрицательный ID – ошибка","webkit","2026-04-13","passed","2026-04-13","Корзина интернет-магазина","main-flow.spec.js","",""
"","3","Отрицательная цена","Функция calculateCartTotal","2026-04-13","passed","2026-04-13","","Ошибки","",""
"","1381","Последовательный: полный путь пользователя с купоном","chromium","2026-04-13","passed","2026-04-13","Корзина интернет-магазина","main-flow.spec.js","",""
"","865","Негативный: нечисловой ID – ошибка","chromium","2026-04-13","passed","2026-04-13","Корзина интернет-магазина","main-flow.spec.js","",""
"","1055","Негативный: оформление без ввода ID – ошибка","chromium","2026-04-13","passed","2026-04-13","Корзина интернет-магазина","main-flow.spec.js","",""
"","1078","Data-Driven: Ручка + Книга (700 ₽)","chromium","2026-04-13","passed","2026-04-13","Корзина интернет-магазина","main-flow.spec.js","",""
"","1113","Негативный: отрицательный ID – ошибка","chromium","2026-04-13","passed","2026-04-13","Корзина интернет-магазина","main-flow.spec.js","",""
"","2228","Негативный: нечисловой ID – ошибка","firefox","2026-04-13","passed","2026-04-13","Корзина интернет-магазина","main-flow.spec.js","",""
"","1527","Негативный: пустая корзина – кнопка заблокирована","webkit","2026-04-13","passed","2026-04-13","Корзина интернет-магазина","main-flow.spec.js","",""
"","1821","Негативный: оформление без ввода ID – ошибка","webkit","2026-04-13","passed","2026-04-13","Корзина интернет-магазина","main-flow.spec.js","",""
"","2371","Позитивный: подсказка про купон появляется когда сумма > 10000","webkit","2026-04-13","passed","2026-04-13","Корзина интернет-магазина","main-flow.spec.js","",""
"","1602","Негативный: пустой ID – ошибка при нажатии «Применить»","webkit","2026-04-13","passed","2026-04-13","Корзина интернет-магазина","main-flow.spec.js","",""
"","2184","Негативный: отрицательный ID – ошибка","firefox","2026-04-13","passed","2026-04-13","Корзина интернет-магазина","main-flow.spec.js","",""
"","920","Негативный: пустая корзина – кнопка заблокирована","chromium","2026-04-13","passed","2026-04-13","Корзина интернет-магазина","main-flow.spec.js","",""
"","6357","Позитивный: сумма < 5000 – купон не выдается","chromium","2026-04-13","passed","2026-04-13","Корзина интернет-магазина","main-flow.spec.js","",""
"","1086","Data-Driven: Блокнот (150 ₽)","chromium","2026-04-13","passed","2026-04-13","Корзина интернет-магазина","main-flow.spec.js","",""
"","2903","Позитивный: сумма < 5000 – купон не выдается","webkit","2026-04-13","passed","2026-04-13","Корзина интернет-магазина","main-flow.spec.js","",""
"","1529","Позитивный: сумма > 10000 – купон выдается (coupon_sent = true)","chromium","2026-04-13","passed","2026-04-13","Корзина интернет-магазина","main-flow.spec.js","",""
"","1255","Data-Driven: два Наушника (6000 ₽)","chromium","2026-04-13","passed","2026-04-13","Корзина интернет-магазина","main-flow.spec.js","",""
"","1543","Позитивный: скидка пользователя отображается после ввода ID","webkit","2026-04-13","passed","2026-04-13","Корзина интернет-магазина","main-flow.spec.js","",""
"","23","Корректный расчёт суммы без автоскидки и без купона","Функция calculateCartTotal","2026-04-13","passed","2026-04-13","","Позитивные сценарии","",""
"","1","Чуть больше 5000 — автоскидка применяется","Функция calculateCartTotal","2026-04-13","passed","2026-04-13","","Граничные значения","",""
"","5","Пустая корзина","Функция calculateCartTotal","2026-04-13","passed","2026-04-13","","Ошибки","",""
"","1","Чуть больше 10000 — купон отправляется","Функция calculateCartTotal","2026-04-13","passed","2026-04-13","","Граничные значения","",""
"","2816","Позитивный: сумма > 10000 – купон выдается (coupon_sent = true)","webkit","2026-04-13","passed","2026-04-13","Корзина интернет-магазина","main-flow.spec.js","",""
"","2404","Негативный: пустой ID – ошибка при нажатии «Применить»","firefox","2026-04-13","passed","2026-04-13","Корзина интернет-магазина","main-flow.spec.js","",""
"","2136","Data-Driven: Блокнот (150 ₽)","webkit","2026-04-13","passed","2026-04-13","Корзина интернет-магазина","main-flow.spec.js","",""
"","17899","Позитивный: сумма < 5000 – купон не выдается","firefox","2026-04-13","passed","2026-04-13","Корзина интернет-магазина","main-flow.spec.js","",""
"","978","Негативный: пустой ID – ошибка при нажатии «Применить»","chromium","2026-04-13","passed","2026-04-13","Корзина интернет-магазина","main-flow.spec.js","",""
"","2","Отрицательная скидка","Функция calculateCartTotal","2026-04-13","passed","2026-04-13","","Ошибки","",""
"","2551","Data-Driven: Ручка + Книга (700 ₽)","webkit","2026-04-13","passed","2026-04-13","Корзина интернет-магазина","main-flow.spec.js","",""
"","1253","Позитивный: подсказка про купон появляется когда сумма > 10000","chromium","2026-04-13","passed","2026-04-13","Корзина интернет-магазина","main-flow.spec.js","",""
"","2263","Позитивный: скидка пользователя отображается после ввода ID","firefox","2026-04-13","passed","2026-04-13","Корзина интернет-магазина","main-flow.spec.js","",""
"","3","Отправка купона если сумма > 10000","Функция calculateCartTotal","2026-04-13","passed","2026-04-13","","Позитивные сценарии","",""
"","3892","Data-Driven: Ручка + Книга (700 ₽)","firefox","2026-04-13","passed","2026-04-13","Корзина интернет-магазина","main-flow.spec.js","",""
"","1155","Data-Driven: Книга + Наушники + Клавиатура","chromium","2026-04-13","passed","2026-04-13","Корзина интернет-магазина","main-flow.spec.js","",""
"","4623","Последовательный: полный путь пользователя с купоном","firefox","2026-04-13","passed","2026-04-13","Корзина интернет-магазина","main-flow.spec.js","",""
"","2818","Data-Driven: Книга + Наушники + Клавиатура","webkit","2026-04-13","passed","2026-04-13","Корзина интернет-магазина","main-flow.spec.js","",""
"","1395","Data-Driven: две Клавиатуры (12000 ₽)","chromium","2026-04-13","passed","2026-04-13","Корзина интернет-магазина","main-flow.spec.js","",""
